<?xml version="1.0" encoding="UTF-8"?>
<mxGraphModel page="1" dx="1074" dy="636" grid="1" gridSize="10" guides="1" tooltips="1" connect="1" fold="1" pageScale="1" pageWidth="826" pageHeight="1169" background="#ffffff" math="0"><root><mxCell id="0" /><mxCell id="1" parent="0" /><mxCell value="Inicio" style="strokeWidth=2;html=1;shape=mxgraph.flowchart.start_1;whiteSpace=wrap;" id="2" parent="1" vertex="1"><mxGeometry as="geometry" y="10" x="360" width="100" height="60" /></mxCell><mxCell value="Número de 4&lt;br&gt; dígitos (Cantidad monetaria) =&lt;br&gt;Cantidad" style="strokeWidth=2;html=1;shape=mxgraph.flowchart.data;whiteSpace=wrap;" id="3" parent="1" vertex="1"><mxGeometry as="geometry" y="90" x="340" width="140" height="60" /></mxCell><mxCell source="2" style="edgeStyle=orthogonalEdgeStyle;rounded=0;html=1;" id="7" parent="1" edge="1" target="3"><mxGeometry as="geometry" relative="1" /></mxCell><mxCell value="Cantidad /100" style="strokeWidth=2;html=1;shape=mxgraph.flowchart.process;whiteSpace=wrap;" id="8" parent="1" vertex="1"><mxGeometry as="geometry" y="190" x="40" width="100" height="100" /></mxCell><mxCell value="(Cantidad % 100) /50" style="strokeWidth=2;html=1;shape=mxgraph.flowchart.process;whiteSpace=wrap;" id="9" parent="1" vertex="1"><mxGeometry as="geometry" y="190" x="170" width="100" height="100" /></mxCell><mxCell value="((Cantidad % 100) % 50) /20" style="strokeWidth=2;html=1;shape=mxgraph.flowchart.process;whiteSpace=wrap;" id="10" parent="1" vertex="1"><mxGeometry as="geometry" y="190" x="300" width="100" height="100" /></mxCell><mxCell value="(((Cantidad % 100) % 50) % 20) / 10)" style="strokeWidth=2;html=1;shape=mxgraph.flowchart.process;whiteSpace=wrap;" id="11" parent="1" vertex="1"><mxGeometry as="geometry" y="190" x="420" width="100" height="100" /></mxCell><mxCell value="((((Cantidad % 100) % 50) % 20) % 10) / 5)" style="strokeWidth=2;html=1;shape=mxgraph.flowchart.process;whiteSpace=wrap;" id="12" parent="1" vertex="1"><mxGeometry as="geometry" y="190" x="540" width="100" height="100" /></mxCell><mxCell value="(((((Cantidad % 100) % 50) % 20) % 10) % 5) / 1)" style="strokeWidth=2;html=1;shape=mxgraph.flowchart.process;whiteSpace=wrap;" id="13" parent="1" vertex="1"><mxGeometry as="geometry" y="190" x="670" width="100" height="100" /></mxCell><mxCell source="3" style="edgeStyle=orthogonalEdgeStyle;rounded=0;html=1;" id="14" parent="1" edge="1"><mxGeometry as="geometry" relative="1"><mxPoint as="targetPoint" y="190" x="90" /></mxGeometry></mxCell><mxCell source="3" style="edgeStyle=orthogonalEdgeStyle;rounded=0;html=1;entryX=0.5;entryY=0;entryPerimeter=0;" id="15" parent="1" edge="1" target="9"><mxGeometry as="geometry" relative="1" /></mxCell><mxCell source="3" style="edgeStyle=orthogonalEdgeStyle;rounded=0;html=1;entryX=0.5;entryY=0;entryPerimeter=0;" id="16" parent="1" edge="1" target="10"><mxGeometry as="geometry" relative="1" /></mxCell><mxCell source="3" style="edgeStyle=orthogonalEdgeStyle;rounded=0;html=1;" id="17" parent="1" edge="1"><mxGeometry as="geometry" relative="1"><mxPoint as="targetPoint" y="190" x="470" /></mxGeometry></mxCell><mxCell source="3" style="edgeStyle=orthogonalEdgeStyle;rounded=0;html=1;" id="18" parent="1" edge="1"><mxGeometry as="geometry" relative="1"><mxPoint as="targetPoint" y="190" x="590" /></mxGeometry></mxCell><mxCell source="3" style="edgeStyle=orthogonalEdgeStyle;rounded=0;html=1;" id="19" parent="1" edge="1"><mxGeometry as="geometry" relative="1"><mxPoint as="targetPoint" y="190" x="720" /></mxGeometry></mxCell><mxCell value="&quot;Cantidad &lt;br&gt;billetes de 100&quot;" style="strokeWidth=2;html=1;shape=mxgraph.flowchart.data;whiteSpace=wrap;" id="20" parent="1" vertex="1"><mxGeometry as="geometry" y="320" x="20" width="140" height="60" /></mxCell><mxCell value="&quot;Cantidad billetes&lt;br&gt;de 50&quot;" style="strokeWidth=2;html=1;shape=mxgraph.flowchart.data;whiteSpace=wrap;" id="21" parent="1" vertex="1"><mxGeometry as="geometry" y="320" x="150" width="140" height="60" /></mxCell><mxCell value="&quot;Cantidad billetes&lt;br&gt;de 20&quot;" style="strokeWidth=2;html=1;shape=mxgraph.flowchart.data;whiteSpace=wrap;" id="22" parent="1" vertex="1"><mxGeometry as="geometry" y="320" x="280" width="140" height="60" /></mxCell><mxCell value="&quot;Cantidad billetes&lt;br&gt;de 10&quot;" style="strokeWidth=2;html=1;shape=mxgraph.flowchart.data;whiteSpace=wrap;" id="23" parent="1" vertex="1"><mxGeometry as="geometry" y="320" x="400" width="140" height="60" /></mxCell><mxCell value="&quot;Cantidad billetes&lt;br&gt;de 5&quot;" style="strokeWidth=2;html=1;shape=mxgraph.flowchart.data;whiteSpace=wrap;" id="24" parent="1" vertex="1"><mxGeometry as="geometry" y="320" x="520" width="140" height="60" /></mxCell><mxCell value="&quot;Cantidad &lt;br&gt;monedas&lt;br&gt;de Q.1&quot;" style="strokeWidth=2;html=1;shape=mxgraph.flowchart.data;whiteSpace=wrap;" id="25" parent="1" vertex="1"><mxGeometry as="geometry" y="320" x="650" width="140" height="60" /></mxCell><mxCell source="8" style="edgeStyle=orthogonalEdgeStyle;rounded=0;html=1;entryX=0.5;entryY=0;entryPerimeter=0;" id="26" parent="1" edge="1" target="20"><mxGeometry as="geometry" relative="1" /></mxCell><mxCell source="9" style="edgeStyle=orthogonalEdgeStyle;rounded=0;html=1;" id="27" parent="1" edge="1" target="21"><mxGeometry as="geometry" relative="1" /></mxCell><mxCell source="10" style="edgeStyle=orthogonalEdgeStyle;rounded=0;html=1;" id="28" parent="1" edge="1" target="22"><mxGeometry as="geometry" relative="1" /></mxCell><mxCell source="11" style="edgeStyle=orthogonalEdgeStyle;rounded=0;html=1;entryX=0.5;entryY=0;entryPerimeter=0;" id="29" parent="1" edge="1" target="23"><mxGeometry as="geometry" relative="1" /></mxCell><mxCell source="12" style="edgeStyle=orthogonalEdgeStyle;rounded=0;html=1;" id="30" parent="1" edge="1" target="24"><mxGeometry as="geometry" relative="1" /></mxCell><mxCell source="13" style="edgeStyle=orthogonalEdgeStyle;rounded=0;html=1;entryX=0.5;entryY=0;entryPerimeter=0;" id="31" parent="1" edge="1" target="25"><mxGeometry as="geometry" relative="1" /></mxCell><mxCell value="Fin" style="strokeWidth=2;html=1;shape=mxgraph.flowchart.terminator;whiteSpace=wrap;" id="32" parent="1" vertex="1"><mxGeometry as="geometry" y="510" x="360" width="100" height="60" /></mxCell><mxCell source="20" style="edgeStyle=orthogonalEdgeStyle;rounded=0;html=1;" id="33" parent="1" edge="1"><mxGeometry as="geometry" relative="1"><mxPoint as="targetPoint" y="530" x="359" /><Array as="points"><mxPoint y="530" x="90" /></Array></mxGeometry></mxCell><mxCell source="21" style="edgeStyle=orthogonalEdgeStyle;rounded=0;html=1;" id="34" parent="1" edge="1"><mxGeometry as="geometry" relative="1"><mxPoint as="targetPoint" y="520" x="359" /><Array as="points"><mxPoint y="520" x="220" /></Array></mxGeometry></mxCell><mxCell source="22" style="edgeStyle=orthogonalEdgeStyle;rounded=0;html=1;" id="35" parent="1" edge="1" target="32"><mxGeometry as="geometry" relative="1" /></mxCell><mxCell source="23" style="edgeStyle=orthogonalEdgeStyle;rounded=0;html=1;entryX=0.5;entryY=0;entryPerimeter=0;" id="36" parent="1" edge="1" target="32"><mxGeometry as="geometry" relative="1" /></mxCell><mxCell source="24" style="edgeStyle=orthogonalEdgeStyle;rounded=0;html=1;" id="37" parent="1" edge="1" target="32"><mxGeometry as="geometry" relative="1"><mxPoint as="targetPoint" y="520" x="589.7101449275362" /><Array as="points"><mxPoint y="520" x="590" /></Array></mxGeometry></mxCell><mxCell source="25" style="edgeStyle=orthogonalEdgeStyle;rounded=0;html=1;" id="38" parent="1" edge="1" target="32"><mxGeometry as="geometry" relative="1"><mxPoint as="targetPoint" y="540" x="720.144927536232" /><Array as="points"><mxPoint y="530" x="720" /></Array></mxGeometry></mxCell></root></mxGraphModel>